stock_symbol,operating_profit_sep_2021,operating_profit_sep_2022,eps_sep_2021,eps_sep_2022,promoter_holding_sep_2021,promoter_holding_sep_2022,public_holding_sep_2021,public_holding_sep_2022
20MICRONS,15.77,18.42,1.44,2.79,44.83,44.83,55.05,54.03
21STCENMGM,-1.14,-1.80,-1.08,-1.67,62.28,61.29,37.22,36.83
3IINFOLTD,-15.53,13.28,-0.77,0.40,None,None,85.50,88.67
3MINDIA,93,115,57.59,88.65,75.00,75.00,13.60,13.83
3PLAND,0.81,1.03,0.33,0.42,73.30,73.30,26.70,26.70
5PAISA,8,20,0.57,3.53,29.96,32.68,45.01,43.39
63MOONS,-15.94,-10.30,-7.39,0.35,45.63,45.63,49.32,48.64
A2ZINFRA,-0.68,-4.18,-9.06,-0.27,28.14,28.15,70.67,70.90
AAKASH,3.52,3.61,0.13,0.13,None,None,None,None
AAREYDRUGS,3.42,4.27,1.21,0.84,49.38,50.04,46.14,45.97
AARON,None,None,None,None,None,None,None,None
AARTIDRUGS,69,70,4.39,3.95,60.12,59.77,35.55,35.11
AARTIIND,255,268,4.15,3.46,44.21,44.16,29.18,28.69
AARTISURF,None,None,None,None,None,None,None,None
AARVEEDEN,-7,-11,-5.27,-7.40,65.80,65.80,32.09,32.10
AARVI,3.51,5.16,2.35,3.24,None,None,None,None
AAVAS,None,None,11.67,13.52,39.22,39.16,10.85,12.16
ABAN,11,-10,-3.32,8.57,46.00,46.00,52.05,52.04
ABB,181,211,5.66,9.32,75.00,75.00,14.55,7.69
ABBOTINDIA,260,343,90.51,124.95,74.99,74.99,17.89,16.95
ABCAPITAL,15,84,0.04,0.26,70.69,71.06,15.19,14.33
ABFRL,315,443,0.15,0.84,56.13,56.08,11.33,9.87
ABMINTLLTD,2.36,-6.68,2.32,-6.92,None,None,None,None
ABSLAMC,None,None,None,None,None,None,None,None
ACC,711,15,23.91,-4.85,54.53,56.69,12.30,12.55
ACCELYA,25,47,10.89,19.88,74.66,74.66,22.72,23.27
ACCURACY,None,None,None,None,None,None,None,None
ACE,35,45,1.93,2.99,66.76,66.76,24.02,23.83
ADANIENT,451,529,2.49,4.12,74.92,72.62,3.16,6.46
ADANIGREEN,16,-66,0.65,-0.59,60.14,60.75,21.71,22.74
ADANIPORTS,645,-179,1.36,-1.41,63.83,64.56,5.02,6.39
ADANIPOWER,4,7,-0.15,-0.13,74.97,74.97,8.33,11.80
ADANITRANS,3,-5,-0.20,0.29,74.92,73.87,1.49,2.61
ADL,0.41,0.66,0.22,0.34,None,None,None,None
ADVANIHOTR,-1.86,3.44,-0.42,0.47,50.17,50.19,49.72,49.60
AETHER,None,None,None,None,None,None,None,None
AGARIND,7.86,8.82,2.08,4.97,60.11,57.20,39.64,36.05
AGSTRA,None,None,None,None,None,None,None,None
AHLUCONT,63,62,5.34,5.85,55.32,55.32,3.80,4.94
AIRAN,2.38,3.85,0.15,0.18,None,None,None,None
AJMERA,22,49,2.76,9.58,69.73,69.74,30.22,30.23
AJRINFRA,-2,-2,0.15,-5.96,20.60,20.60,62.02,62.02
AKSHARCHEM,7.40,5.50,3.86,1.22,62.70,62.70,35.78,35.81
AKZOINDIA,95,106,12.23,14.36,74.76,74.76,12.97,13.51
ALEMBICLTD,3,10,2.86,2.37,70.88,70.88,23.00,24.16
ALKEM,588,406,46.67,29.33,58.84,57.16,21.84,22.65
ALLSEC,8.81,11.56,2.85,3.36,73.39,73.39,26.60,26.59
ALPA,3.53,-5.74,2.73,0.10,56.66,57.29,43.34,42.56
AMARAJABAT,269,360,8.44,11.84,28.06,28.06,36.59,43.45
AMBICAAGAR,0.90,0.89,0.31,0.64,48.35,48.35,51.65,51.65
AMDIND,2.28,4.06,-0.46,-0.14,66.64,66.64,33.36,33.25
AMRUTANJAN,23,16,6.79,4.37,50.02,50.02,41.41,42.62
ANDHRAPAP,35,146,4.74,28.52,72.20,72.24,15.54,19.67
ANGELONE,190,286,16.04,25.46,None,None,None,None
ANMOL,None,None,None,None,57.08,57.08,42.70,42.92
ANTGRAPHIC,0.04,0.03,0.00,0.00,None,None,None,None
APARINDS,121,227,14.64,29.17,60.46,60.64,16.47,16.30
APEX,31,12,7.05,4.35,72.62,72.62,19.74,20.04
APOLLO,9.91,11.99,1.32,1.58,59.10,59.10,37.25,40.18
APOLLOTYRE,376,437,1.41,1.27,37.34,37.34,22.57,21.46
APTECHT,4.41,7.35,1.68,1.31,48.37,47.41,41.88,43.29
ARCHIES,1.04,4.67,-0.33,0.21,62.35,62.25,37.43,37.53
ARIES,26,25,9.61,11.00,52.66,52.66,47.31,46.86
ARMANFIN,None,None,2.40,9.30,27.45,27.36,67.55,66.82
ARROWGREEN,0.34,2.07,2.57,1.72,70.35,68.60,29.59,31.42
ARTEMISMED,19.58,24.31,0.63,0.73,69.82,69.27,21.59,22.53
ARVIND,223,173,2.88,1.53,42.59,41.26,36.70,36.84
ASAHIINDIA,189,219,3.34,4.35,54.24,54.23,43.24,40.81
ASALCBR,20.40,10.82,7.89,4.17,58.45,58.45,40.02,40.75
ASHIMASYN,0.79,-0.98,-0.02,0.01,73.49,73.49,26.19,26.20
ASIANENE,14,-6,5.37,-3.24,59.61,59.62,40.14,39.18
ASIANPAINT,875,1116,6.45,7.96,52.79,52.63,19.35,19.99
ASTEC,21,33,4.63,9.33,65.20,66.77,22.37,21.87
ASTRAL,175,131,5.77,3.25,55.73,55.85,12.23,13.53
ASTRON,7.25,-10.37,0.47,-2.07,27.06,27.06,72.93,72.89
ATLANTA,32.40,-0.86,0.55,-0.15,62.49,63.30,37.48,36.67
AUBANK,None,None,4.45,5.15,28.39,25.59,18.26,14.58
AURUM,-2.54,-3.70,-0.19,-0.33,35.04,50.34,64.92,49.64
AUTOAXLES,22,50,6.71,19.94,71.04,71.04,14.49,15.02
AVANTIFEED,5,38,1.14,2.95,43.68,43.28,30.99,31.33
AWHCL,None,None,None,None,None,None,None,None
AXISBANK,None,None,10.22,17.35,11.64,9.69,11.66,11.95
AXITA,None,None,None,None,None,None,None,None
BAGFILMS,1.02,1.78,-0.04,0.01,46.86,46.86,53.14,53.13
BAJAJELEC,92,94,5.40,5.56,63.05,62.91,13.04,13.98
BAJAJHIND,2,-80,-0.88,-1.25,24.95,24.96,47.55,57.67
BAJFINANCE,None,None,21.63,40.83,56.03,55.86,10.42,11.26
BALAXI,5.26,3.53,4.03,3.98,None,None,None,None
BALLARPUR,4,-435,-3.37,-5.70,24.22,2.68,38.82,67.03
BALRAMCHIN,135,-16,3.90,-1.53,41.40,42.42,22.52,24.11
BANCOINDIA,25,38,4.87,18.72,67.88,67.88,31.72,31.37
BANKA,1.42,1.38,0.87,0.80,None,None,None,None
BANKINDIA,None,None,2.56,2.34,81.41,81.41,5.87,6.64
BARTRONICS,2,1,-3.68,-3.79,10.55,10.54,87.50,87.48
BATAINDIA,119,161,2.88,3.98,52.96,50.16,13.69,13.00
BAYERCROP,222,238,34.29,36.18,71.43,71.44,13.28,12.71
BBL,23,24,25.46,29.97,33.45,33.45,53.74,57.61
BBOX,0.24,1.26,-0.10,-0.08,70.57,71.14,23.47,23.21
BBTC,-9,-10,-3.13,-3.45,65.93,65.93,25.77,25.17
BCLIND,30.85,7.97,8.71,2.34,61.36,61.36,38.64,38.57
BDL,66,94,2.36,4.14,74.93,74.93,6.08,9.18
BEDMUTHA,4.08,0.70,1.15,-0.39,57.05,57.05,42.95,42.95
BEPL,164,53,7.45,2.47,56.45,56.65,41.65,42.54
BESTAGRO,35,66,11.32,19.81,40.78,47.30,47.44,38.86
BGRENERGY,104,-65,0.58,-16.83,75.00,75.00,24.74,24.50
BHAGERIA,25.42,12.36,3.45,0.89,71.07,71.44,28.92,28.55
BHANDARI,6.41,5.99,0.14,0.12,24.95,24.95,74.94,75.06
BHARATRAS,40,36,64.69,55.45,None,None,None,None
BHEL,-29,-244,-0.19,0.03,63.17,63.17,18.79,17.57
BINDALAGRO,-2,-3,0.60,0.50,64.33,64.33,28.86,30.60
BIRLACABLE,8.23,16.89,1.22,3.06,66.35,66.35,33.64,33.42
BIRLAMONEY,16.03,23.36,1.14,1.72,73.70,73.70,26.29,26.19
BLISSGVS,33,27,2.39,2.45,33.19,34.55,39.13,42.13
BLUEDART,199,163,37.71,38.78,75.00,75.00,12.12,11.97
BODALCHEM,50,31,2.08,0.84,58.94,58.87,38.16,37.88
BORORENEW,54,42,2.62,1.86,61.74,61.65,33.18,32.39
BPL,0.34,2.26,0.55,0.36,63.24,63.21,36.24,36.65
BRITANNIA,531,687,15.25,20.45,50.55,50.55,20.28,16.14
BSE,91,82,4.65,4.15,None,None,None,None
BSOFT,118,90,2.95,1.84,40.66,41.48,19.77,25.61
BUTTERFLY,46,41,14.25,14.06,64.78,82.78,24.79,11.58
CALSOFT,2.69,0.72,1.74,0.17,35.73,35.73,64.27,64.27
CAMS,96,103,13.36,14.22,None,None,None,None
CANFINHOME,None,None,9.29,10.64,29.99,29.99,48.36,37.42
CAPACITE,63,82,2.79,3.22,38.64,38.64,37.11,42.85
CARBORUNIV,95,111,3.32,3.78,41.96,41.90,21.70,21.28
CARTRADE,None,None,None,None,None,None,None,None
CCHHL,None,None,None,None,73.80,73.80,25.71,25.71
CDSL,78,78,6.55,6.57,None,None,None,None
CENTEXT,4.71,5.19,0.19,0.19,52.04,52.04,47.96,47.80
CENTUM,7.29,3.37,1.85,-1.92,58.80,58.80,35.30,34.32
CENTURYTEX,133,208,5.92,8.59,50.21,50.21,26.29,25.89
CESC,419,320,1.77,1.83,52.11,52.11,11.93,12.57
CGCL,None,None,2.36,2.32,74.84,74.68,20.31,16.90
CGPOWER,157,242,0.79,1.17,52.70,58.13,29.04,21.34
CHEMBOND,0.98,-0.47,3.61,2.12,66.00,67.49,33.05,31.10
CHEMPLASTS,None,None,None,None,None,None,None,None
CHOICEIN,2.67,1.55,0.11,0.05,64.31,51.46,30.66,34.46
CIGNITITEC,13,37,3.43,9.29,37.46,36.81,61.97,62.39
CINEVISTA,-7.53,-0.50,-1.50,-0.26,67.61,67.60,31.50,32.40
CLEDUCATE,4.68,6.36,0.24,0.76,50.89,52.52,38.55,39.19
CLSEL,14,26,1.86,3.90,73.87,73.87,26.10,25.95
COALINDIA,159,120,2.94,4.37,66.13,66.13,5.93,4.74
COFFEEDAY,-1.24,0.11,-0.88,-0.01,14.88,10.53,80.99,84.00
COLPAL,401,408,9.90,10.22,51.00,51.00,22.16,20.25
CONCOR,426,499,4.33,4.97,54.80,54.80,4.04,3.18
CONTROLPR,16,18,6.11,6.98,51.78,51.78,27.95,32.14
CORDSCABLE,9.97,9.50,1.18,1.33,51.64,51.77,48.35,48.21
CREATIVEYE,-0.07,-0.59,0.21,-0.27,56.26,56.26,43.74,43.74
CRISIL,56,49,10.83,10.52,66.92,66.72,20.53,13.50
CROWN,None,None,None,None,None,None,None,None
CUB,None,None,2.46,3.74,None,None,40.06,38.53
CUPID,6.80,12.95,3.49,6.43,45.06,45.06,54.63,54.35
CYBERTECH,3.89,5.21,1.01,1.42,36.73,35.97,63.10,63.98
DABUR,480,473,2.24,2.23,67.36,67.23,7.87,5.89
DAMODARIND,16.74,8.59,1.37,-0.67,70.63,70.63,29.36,29.37
DATAPATTNS,None,None,None,None,None,None,None,None
DBREALTY,-221,-5,-10.06,0.29,62.93,58.14,32.95,39.40
DCBBANK,None,None,2.09,3.61,14.87,14.85,35.94,35.13
DCMNVL,57.40,-10.29,22.16,-4.95,50.15,50.08,43.11,45.33
DCW,79,106,0.75,1.68,46.76,44.85,46.84,47.04
DEEPAKNTR,142,140,7.08,11.62,45.69,45.71,32.85,33.82
DELHIVERY,None,None,None,None,None,None,None,None
DELTACORP,-8,75,-0.19,2.13,33.28,33.32,53.32,47.11
DENORA,5.40,1.76,7.08,2.98,53.68,53.68,46.32,46.32
DFMFOODS,-0,-11,-0.62,-2.39,73.70,73.70,22.53,22.10
DHAMPURSUG,54,30,3.77,1.61,49.08,49.09,45.05,44.87
DHANUKA,82,98,13.61,15.68,70.00,70.00,10.44,9.38
DHARSUGAR,-5.89,-4.33,-4.14,-2.03,61.55,61.55,38.44,38.44
DIAMONDYD,20.97,17.13,6.20,1.28,71.49,71.18,7.00,14.06
DIGISPICE,0.04,-5.24,0.05,-0.13,73.97,73.19,26.02,26.80
DIVISLAB,819,609,22.84,18.34,51.95,51.94,11.00,11.88
DLF,428,359,2.33,2.94,74.95,74.95,5.17,5.12
DNAMEDIA,1,-3,-0.22,3.14,62.17,62.17,32.56,32.56
DONEAR,9.71,18.29,0.74,1.83,74.56,74.56,25.44,25.44
DPSCLTD,13.44,-2.36,0.02,0.04,None,None,None,None
DRREDDY,748,1803,26.98,67.06,26.72,26.71,23.83,22.06
DUCON,2.81,3.85,0.02,0.03,65.34,74.09,34.66,25.91
DYNAMATECH,24.05,28.86,13.58,10.72,44.84,44.83,37.16,34.36
EASEMYTRIP,None,None,None,None,None,None,None,None
ECLERX,130,130,16.38,18.51,53.81,53.38,10.58,12.12
EICHERMOT,443,804,12.56,22.48,49.22,49.21,11.76,10.48
EIFFL,None,None,None,None,None,None,None,None
EIMCOELECO,0.95,6.42,2.13,12.98,74.06,74.06,25.94,25.95
ELDEHSG,21.01,9.85,16.28,8.88,54.83,54.83,45.17,45.16
ELECTHERM,6,12,-18.39,-29.57,31.31,31.04,63.67,63.95
ELGIRUBCO,6,9,0.36,2.46,None,None,None,None
EMAMIREAL,42,-2,2.47,-3.93,63.46,63.45,36.43,36.39
EMUDHRA,None,None,None,None,None,None,None,None
ENGINERSIN,60,42,1.06,1.51,51.32,51.32,29.87,28.02
EQUIPPP,-0.28,0.18,-0.04,-0.00,97.00,96.99,3.00,3.00
ERIS,137,141,8.81,8.47,52.68,52.29,23.78,21.63
ESCORTS,227,153,13.11,6.64,36.59,72.90,32.19,13.01
ESTER,38,26,3.96,15.22,64.04,64.04,35.53,35.68
EUROTEXIND,-1.62,-1.31,-3.18,-2.56,70.99,70.99,28.40,28.48
EXCEL,-0.11,-0.29,-0.00,0.01,50.86,47.31,49.14,52.63
EXPLEOSOL,16,24,10.60,14.69,56.17,56.17,41.83,40.39
FAIRCHEMOR,None,None,None,None,None,None,None,None
FCSSOFT,0.94,1.29,-0.00,0.00,19.65,19.65,80.31,80.29
FEL,60,-350,-5.14,-33.19,20.61,16.37,73.95,83.03
FIEMIND,52,70,20.86,29.73,66.56,66.56,23.35,27.06
FINEORG,73,214,16.30,53.49,75.00,75.00,6.89,7.33
FINPIPE,300,-143,3.79,-1.51,52.47,52.47,32.20,31.76
FLUOROCHEM,288,530,18.75,32.51,66.35,63.80,25.82,26.19
FOCUS,None,None,None,None,None,None,None,None
FORCEMOT,45,99,2.83,15.16,61.63,61.63,33.31,33.62
FRETAIL,-117,-345,-15.51,-19.88,20.56,14.31,70.76,76.48
GABRIEL,43,59,1.73,2.55,55.00,55.00,36.92,31.38
GAL,-0.18,-1.21,0.16,0.03,54.13,38.19,45.87,61.80
GALLANTT,31,78,0.76,1.14,67.24,68.72,32.68,31.26
GANESHBE,13,18,1.12,2.17,43.14,44.68,56.50,54.65
GANGAFORGE,None,None,None,None,None,None,None,None
GATI,-1.76,-0.59,-0.33,0.13,51.83,54.05,42.67,42.43
GAYAPROJ,-93,-144,-10.11,-14.35,41.27,5.02,41.79,75.56
GENCON,6.04,8.55,0.63,0.73,54.50,54.51,39.47,40.00
GENUSPOWER,15,17,0.25,0.40,50.45,50.44,43.00,41.90
GESHIP,396,722,18.59,48.17,29.21,30.08,27.25,27.41
GFLLIMITED,0.03,0.40,0.00,0.03,68.72,68.72,24.93,24.93
GICHSGFIN,None,None,8.40,10.46,42.41,42.41,57.23,49.39
GILLETTE,125,136,25.14,26.63,75.00,75.00,12.36,12.31
GIPCL,119,76,3.53,1.76,55.69,55.69,26.94,25.42
GLAXO,254,257,11.96,11.43,75.00,75.00,12.45,12.29
GLOBAL,None,None,None,None,None,None,None,None
GLOBUSSPR,88,45,18.23,7.69,50.91,51.01,42.38,42.56
GMDCLTD,27,171,1.29,4.74,74.00,74.00,23.81,20.40
GMRP&UI,None,None,None,None,None,None,None,None
GNFC,431,309,18.16,15.25,41.18,41.18,37.76,31.45
GOCOLORS,None,None,None,None,None,None,None,None
GODREJAGRO,157,126,5.18,3.80,71.64,74.07,24.01,19.12
GODREJPROP,-46,-22,3.21,4.28,58.43,58.48,7.22,9.48
GOKUL,-0.72,-0.77,0.06,0.08,72.09,72.09,26.90,27.78
GOLDIAM,7,12,1.69,1.77,66.27,66.39,33.33,33.52
GOODYEAR,60,46,16.98,11.75,74.00,74.00,17.79,17.73
GPPL,109,121,0.94,1.47,44.01,44.01,12.43,12.00
GRAPHITE,124,103,7.17,7.11,65.34,65.34,17.30,21.34
GRAVITA,21,26,1.65,2.38,73.00,73.00,24.14,24.02
GREENPANEL,107,114,5.07,5.77,53.10,53.09,21.24,19.33
GRINDWELL,102,115,6.62,7.84,58.08,58.08,19.69,18.82
GRPLTD,5.41,6.18,25.43,39.00,41.71,41.51,58.29,58.37
GRWRHITECH,55,57,17.91,17.48,60.72,60.73,35.98,37.13
GSPL,381,334,5.81,5.57,37.63,37.63,13.89,18.85
GTLINFRA,97,1,-0.16,-0.25,3.33,3.33,35.05,50.20
GUJALKALI,142,226,10.22,17.40,46.28,46.28,50.58,50.27
GUJGASLTD,419,643,3.56,5.87,60.89,60.89,23.18,13.96
GULFPETRO,10.35,8.25,1.31,1.18,72.85,63.44,27.15,35.79
HAPPSTMNDS,59,83,3.03,3.77,None,None,None,None
HARRMALAYA,6.75,7.93,2.11,3.11,54.12,54.12,45.63,45.55
HAVELLS,444,287,4.81,2.98,59.47,59.45,7.54,7.43
HBSL,1.11,7.70,0.84,10.69,53.22,53.22,46.78,46.76
HCG,37,47,7.49,0.79,68.40,71.39,16.19,17.32
HDFC,None,None,20.91,24.51,None,None,11.06,11.18
HDFCLIFE,130,272,1.36,1.52,53.81,50.32,9.38,13.97
HEIDELBERG,116.46,47.58,2.63,0.31,69.39,69.39,13.72,15.59
HERCULES,3.12,4.50,2.32,2.25,69.61,69.61,30.38,30.37
HESTERBIO,17,16,13.84,12.17,53.73,53.73,45.58,45.60
HGINFRA,125,121,10.72,9.92,74.53,74.53,8.66,10.99
HIL,51.31,15.99,43.88,8.90,40.83,40.71,46.73,48.92
HIMATSEIDE,125,7,5.27,-3.19,47.57,47.57,36.36,40.71
HINDCON,None,None,None,None,None,None,None,None
HINDOILEXP,17.24,15.74,1.32,0.50,None,None,94.88,96.33
HINDUNILVR,3132,3377,9.31,11.13,61.90,61.90,12.17,12.32
HIRECT,7.45,-2.20,2.04,-2.45,42.25,42.25,52.76,51.26
HITECHCORP,25,25,5.65,6.11,74.43,74.44,25.55,25.55
HLEGLAS,19,20,1.92,1.60,71.32,70.32,24.14,24.61
HMT,-5.02,-3.73,0.13,0.12,93.69,93.69,6.31,0.71
HOMEFIRST,None,None,None,None,None,None,None,None
HONDAPOWER,20,56,15.68,41.82,66.67,66.67,21.22,19.32
HSCL,31,90,0.28,0.69,45.43,45.39,53.73,52.64
HUDCO,None,None,1.85,1.98,81.81,81.81,9.32,10.34
IBREALEST,-4,-8,-0.26,-0.20,6.15,0.00,70.07,73.10
ICEMAKE,2.88,7.31,0.95,3.06,None,None,None,None
ICICIGI,588,574,9.11,12.02,48.08,48.02,13.65,11.92
ICRA,7,11,12.42,17.27,51.87,51.86,9.37,12.74
IDFC,12,9,0.05,0.09,None,None,53.17,45.44
IEX,96,79,0.87,0.78,None,None,38.81,61.54
IFCI,-415,315,-2.58,0.52,63.81,64.86,24.66,25.87
IGL,530,528,5.72,5.94,45.00,45.00,12.07,8.74
IIFL,None,None,4.88,5.81,24.93,24.89,49.62,46.12
IIFLWAM,8,30,11.89,29.76,22.78,23.19,50.16,50.74
IL&FSTRANS,172,-20,0.75,-7.54,73.22,73.22,26.14,26.13
IMFA,237,73,26.84,3.30,58.69,58.69,40.41,39.98
IMPEXFERRO,5.38,-4.30,0.43,-0.67,69.10,69.11,30.90,30.89
INDHOTEL,60,213,-0.41,0.80,40.75,38.19,18.70,16.22
INDIAGLYCO,64,66,9.29,7.26,61.01,61.02,35.97,33.92
INDIANCARD,0.50,0.24,-1.14,0.57,67.33,67.33,32.64,32.64
INDIGO,186,25,-37.40,-41.14,74.79,71.92,2.08,2.18
INDNIPPON,21,19,7.98,7.35,66.39,70.38,31.13,29.47
INDOCO,86,88,4.51,5.39,58.69,58.68,21.19,22.16
INDOSOLAR,-0.31,-0.22,-0.05,-0.02,56.90,96.15,41.79,3.86
INDOTHAI,4.96,8.17,3.67,7.19,70.89,72.18,29.11,27.81
INDSWFTLAB,55,57,4.04,4.07,42.00,42.01,38.50,38.51
INDTERRAIN,8.56,16.36,0.48,1.96,28.01,29.12,60.08,64.01
INEOSSTYRO,125,40,51.20,13.42,75.00,61.19,19.52,32.79
INFOMEDIA,0.01,-0.00,-0.15,-0.16,50.69,50.69,48.06,48.06
INOXLEISUR,16,85,-7.16,-3.30,43.63,44.04,14.74,11.27
INSECTICID,64,68,14.11,15.09,72.16,72.16,13.22,10.58
INTENTECH,3.90,5.87,1.17,1.93,18.08,18.08,81.92,81.91
IOB,None,None,0.20,0.27,96.38,96.38,2.24,2.16
IOLCP,44,32,5.25,2.67,43.69,43.69,53.18,53.84
IPL,None,None,None,None,None,None,None,None
IRCTC,212,305,1.98,2.83,67.40,67.40,16.31,21.23
IRISDOREME,6.72,6.73,2.14,2.14,None,None,None,None
ISGEC,35,62,3.70,6.24,62.43,62.43,28.59,27.99
ITDC,1,12,0.47,1.44,87.03,87.03,12.97,10.38
IVC,-0.95,0.10,-0.03,0.08,50.42,50.42,49.57,49.58
IWEL,None,None,None,None,None,None,None,None
JAGRAN,98,82,2.54,2.10,69.40,69.42,16.15,17.01
JAIBALAJI,53,63,0.64,1.66,50.98,55.90,45.56,44.11
JAIPURKURT,None,None,None,None,None,None,None,None
JASH,4,16,2.51,13.62,None,None,None,None
JAYNECOIND,431,110,1.16,1.45,68.79,48.03,31.21,51.95
JBCHEPHARM,115,166,11.44,12.64,55.91,53.96,20.12,18.91
JCHAC,6,-54,-3.41,-19.47,74.25,74.25,11.21,13.01
JHS,0.85,-1.97,0.07,-0.09,41.77,42.23,58.23,57.77
JINDALSAW,329,250,3.99,1.91,63.02,63.03,23.04,23.79
JINDRILL,17,48,2.60,12.34,67.42,67.42,32.48,32.06
JISLJALEQS,78,82,-0.76,-0.20,28.64,28.37,65.76,55.67
JKCEMENT,329,297,21.85,16.16,57.62,45.84,4.89,16.63
JKPAPER,217,458,6.97,14.86,49.52,49.64,44.00,39.85
JMA,5.10,4.85,2.20,2.33,None,None,None,None
JMFINANCIL,106,35,1.34,0.88,54.81,56.02,13.00,13.57
JPINFRATEC,4,75,-4.24,-4.40,60.98,60.98,35.61,35.62
JSL,711,411,7.19,3.60,68.60,70.09,10.43,10.71
JSWENERGY,208,192,0.81,0.95,74.66,74.69,11.70,9.65
JSWSTEEL,8673,1742,22.27,-0.38,44.09,45.20,34.80,33.70
JUBLINGREA,None,None,None,None,None,None,None,None
JWL,34,50,1.82,0.64,60.65,74.62,30.02,23.19
KABRAEXTRU,12.17,18.05,2.10,2.98,59.46,60.44,39.52,39.06
KAKATCEM,8.82,-7.29,9.74,-6.42,54.26,53.85,45.74,46.12
KALYANIFRG,5.54,1.61,3.00,-2.97,58.61,58.61,41.39,41.38
KAMDHENU,10.74,12.20,2.97,3.06,64.29,58.74,35.08,39.48
KANPRPLA,9.67,2.80,2.72,-1.15,72.33,66.74,27.60,33.27
KARMAENG,2.24,3.16,0.38,1.88,74.70,74.70,25.30,25.30
KAVVERITEL,-0.07,-0.01,-2.26,-0.26,15.14,15.68,57.55,60.95
KCP,71,-13,2.33,-1.75,43.86,43.98,54.07,53.21
KEC,315,230,5.14,1.39,51.82,51.88,10.07,10.03
KEERTI,0.04,0.27,0.03,0.30,None,None,None,None
KENNAMET,45,47,12.88,14.29,75.00,75.00,11.48,11.52
KEYFINSERV,1.55,1.24,2.11,1.99,57.88,56.42,34.77,36.22
KHAICHEM,41,31,2.91,1.76,74.99,75.00,25.00,24.82
KICL,18,38,28.43,66.00,74.97,74.98,21.92,22.24
KINGFA,14,34,6.15,18.24,74.99,74.99,18.68,18.69
KIRLFER,186,138,8.66,5.91,59.08,56.68,28.24,32.04
KIRLOSIND,43,45,38.37,42.96,72.84,72.38,22.66,23.15
KKCL,32,50,4.39,6.35,74.25,74.25,6.48,16.21
KOHINOOR,-3.30,3.35,-1.36,0.47,54.56,39.36,45.10,60.58
KOPRAN,5,6,0.87,3.71,43.78,44.25,55.50,55.09
KOTHARIPET,14.76,13.82,1.63,1.62,None,None,None,None
KOVAI,64,68,22.07,27.67,55.74,55.76,40.46,40.19
KPRMILL,308,265,6.39,5.94,74.72,74.78,8.77,8.61
KRIDHANINF,-0.31,-0.19,-0.96,-0.02,47.15,47.15,48.44,48.44
KRITIKA,None,None,None,None,None,None,None,None
KSCL,3.09,3.65,1.91,0.47,57.28,57.44,16.99,19.60
KUANTUM,40,99,1.20,6.04,70.30,70.31,29.69,29.69
LAKPRE,-2,0,-16.54,-11.57,62.85,62.85,37.11,37.11
LAMBODHARA,6.58,8.92,4.45,5.95,72.65,72.95,27.12,26.65
LASA,1.25,-0.33,-3.38,-1.63,64.47,43.78,35.52,56.21
LAURUSLABS,334,426,3.68,4.23,27.30,27.27,45.06,40.74
LCCINFOTEC,-0.22,-0.49,-0.02,-0.04,45.88,45.84,54.04,54.07
LFIC,3.77,3.35,10.40,8.80,None,None,None,None
LIBAS,2.00,1.36,0.34,0.23,None,None,None,None
LICHSGFIN,None,None,4.51,5.54,45.24,45.24,15.73,13.10
LINC,7.61,15.57,2.41,6.43,60.03,58.70,39.97,41.23
LINDEINDIA,130,144,7.31,10.64,75.00,75.00,13.91,14.45
LOTUSEYE,2.09,1.76,0.60,0.43,57.74,57.88,42.26,42.12
LPDC,-0.11,-0.44,0.01,-0.01,65.16,65.10,34.71,34.78
LT,1702,1907,15.28,15.01,None,None,43.80,37.17
LUMAXIND,37,60,14.96,26.33,75.00,75.00,24.11,23.95
LUPIN,-1399,314,-29.27,3.27,46.83,47.11,12.76,11.45
LXCHEM,None,None,None,None,None,None,None,None
LYPSAGEMS,0.09,0.11,0.01,0.01,36.37,36.37,61.39,61.39
M&MFIN,None,None,8.28,3.63,52.16,52.16,12.78,8.60
MACPOWER,6.36,5.94,4.35,3.85,None,None,None,None
MADHUCON,36.75,-2.45,-0.12,-0.47,58.96,59.08,41.01,40.88
MAGNUM,4.61,8.34,0.21,1.01,53.08,53.24,46.92,46.76
MAHAPEXLTD,1.23,0.62,2.77,0.73,62.54,62.54,37.45,37.46
MAHESHWARI,12.85,14.43,1.69,1.55,None,None,None,None
MAHLIFE,-29,-37,-0.28,-1.29,51.45,51.31,20.94,18.92
MAHSEAMLES,124,181,6.92,9.18,64.90,67.61,30.96,25.18
MALUPAPER,-0.41,-4.14,-1.51,-3.25,69.95,69.95,30.05,30.05
MANAKSIA,0.63,1.13,0.17,0.10,74.93,74.93,24.79,24.52
MANALIPETC,161,17,6.95,0.68,44.86,44.87,53.28,52.86
MANGCHEFER,65,-19,2.45,-2.72,60.21,60.55,36.96,36.12
MANINFRA,6,26,0.80,1.47,66.48,67.03,31.78,30.77
MANUGRAPH,-2.90,-2.74,-1.05,-1.15,57.65,57.66,40.70,41.57
MARALOVER,34,-5,4.80,-2.61,74.95,74.95,24.96,24.94
MARICO,296,308,2.55,2.58,59.52,59.48,5.87,5.46
MARSHALL,None,None,None,None,None,None,None,None
MASFIN,128,177,7.01,8.98,73.60,73.72,14.71,14.53
MATRIMONY,25,18,7.38,5.42,50.17,51.61,9.05,9.28
MAXHEALTH,109,152,0.77,3.70,None,None,None,None
MAYURUNIQ,35,34,5.59,5.78,59.87,59.11,33.85,32.11
MBAPL,19,55,2.12,7.43,None,None,None,None
MCDOWELL-N,426,446,3.76,7.75,56.73,56.74,14.53,15.58
MCLEODRUSS,182,207,12.37,12.67,4.33,6.25,92.84,88.14
MEDICO,None,None,None,None,73.34,73.34,26.66,26.65
MEGASTAR,None,None,None,None,None,None,None,None
MENONBE,9.88,10.90,1.05,1.23,71.25,71.25,26.28,26.90
METALFORGE,-58,-3,-100.83,-14.98,61.32,61.32,38.66,38.67
MFL,None,None,None,None,None,None,None,None
MGEL,None,None,None,None,None,None,None,None
MICEL,-0.27,-0.28,-0.19,-0.02,0.00,74.63,100.00,25.36
MINDACORP,75,94,1.75,2.03,64.73,64.72,15.95,15.61
MINDTREE,531,697,24.20,30.86,61.00,60.95,13.88,15.13
MITTAL,0.12,0.02,0.05,0.00,None,None,None,None
MMTC,-28,-36,-1.24,7.45,89.93,89.93,7.13,7.49
MOL,None,None,None,None,None,None,None,None
MONARCH,8,16,4.13,3.54,55.09,55.27,41.83,41.60
MORARJEE,-3,-13,-6.96,-10.63,59.71,59.71,31.84,31.83
MOTILALOFS,442,428,23.52,21.89,70.48,69.57,18.14,16.12
MPHASIS,422,477,15.94,17.72,55.95,55.70,5.25,5.80
MRO-TEK,3.00,-0.84,0.30,-0.92,54.79,55.04,45.21,44.96
MSPL,42,-34,0.24,-1.58,41.62,41.61,28.58,41.74
MTARTECH,None,None,None,None,None,None,None,None
MUKANDLTD,53,48,0.83,0.79,74.35,73.82,22.02,23.92
MUNJALAU,10.17,15.50,0.35,0.81,74.81,74.81,25.12,25.15
MUTHOOTCAP,None,None,-4.91,11.07,62.62,62.62,21.01,33.80
NAGAFERT,-35,-20,-2.38,-3.05,57.13,57.13,42.75,42.77
NAHARCAP,13,13,8.07,10.65,71.24,71.55,28.63,27.95
NAHARSPING,213,60,37.83,11.01,66.31,66.31,32.82,32.69
NATHBIOGEN,4.80,4.95,0.65,0.77,41.03,45.59,49.58,49.77
NAVINFLUOR,84,90,12.54,12.94,30.20,29.40,28.20,27.86
NAZARA,None,None,None,None,None,None,None,None
NDGL,4.68,6.57,33.00,53.40,None,None,None,None
NDTV,9.23,10.45,1.58,1.27,61.45,61.44,24.03,23.84
NELCAST,13,27,0.39,1.40,74.87,74.87,24.87,23.66
NESCO,50,101,6.25,11.63,68.54,68.54,24.30,25.07
NEULANDLAB,43,69,15.85,29.88,36.22,36.22,42.10,39.07
NEXTMEDIA,-0.22,-0.29,-0.09,-0.10,74.99,74.99,22.57,22.56
NHPC,1796,1827,1.30,1.43,70.95,70.95,8.18,7.83
NIITLTD,9,1,3.84,1.35,35.12,34.88,29.93,32.02
NILASPACES,-1.49,-1.02,0.01,-0.00,61.90,61.90,32.43,34.38
NIRAJ,0.98,1.01,0.11,0.20,24.26,24.26,75.74,75.74
NITINSPIN,177,57,15.54,5.18,56.17,56.36,37.02,34.26
NKIND,0.37,0.37,-0.85,-1.16,72.05,72.77,27.93,27.21
NOCIL,49,61,1.83,2.16,33.88,33.84,59.56,56.58
NOVARTIND,7,16,2.84,7.43,70.68,70.68,28.51,28.37
NSIL,43,94,68.47,136.29,55.61,55.62,38.50,38.82
NURECA,None,None,None,None,None,None,None,None
NYKAA,None,None,None,None,None,None,None,None
OBEROIRLTY,227,44,4.90,3.83,67.70,67.71,2.76,2.49
OIL,913,1848,4.65,15.87,56.66,56.66,15.27,6.32
OMAXAUTO,-3,-0,-1.58,-11.10,57.67,56.35,42.33,43.56
OMINFRAL,14.60,-3.53,1.59,-0.64,71.68,71.68,28.32,28.30
ONEPOINT,8.46,8.53,0.03,0.10,None,None,None,None
ONWARDTEC,4.74,3.34,1.76,0.55,57.33,45.51,41.95,29.87
ORCHPHARMA,7.44,17.82,7.84,-0.81,90.00,89.96,4.83,5.69
ORIENTABRA,4.32,3.98,0.12,0.15,63.58,63.58,23.19,23.15
ORIENTCEM,133.98,32.55,2.78,-0.46,37.37,37.90,40.74,44.38
ORIENTHOT,4,23,-0.28,0.61,67.59,67.56,22.06,31.24
ORISSAMINE,22.91,-2.26,28.28,-9.77,50.01,50.01,34.37,40.12
OSWALAGRO,-2,-2,0.06,0.81,41.74,41.89,57.66,57.64
PALASHSECU,0.55,2.30,1.86,2.37,68.96,71.85,30.26,27.37
PANACHE,-0.28,1.15,0.30,0.17,None,None,None,None
PANSARI,None,None,None,None,None,None,None,None
PARADEEP,None,None,None,None,None,None,None,None
PARSVNATH,-5,-8,-0.78,-0.98,69.14,66.26,30.33,33.49
PATELENG,96,111,0.13,0.30,54.62,43.48,27.61,32.39
PBAINFRA,-3.54,-0.11,0.50,-0.61,54.70,54.70,45.30,45.31
PCJEWELLER,36,135,-1.63,1.57,54.53,54.53,43.19,42.56
PDSL,6.28,5.11,0.32,0.31,66.65,66.52,29.11,29.17
PENIND,36,37,0.50,0.80,37.69,39.75,62.13,59.60
PERSISTENT,201,259,19.94,22.91,31.26,31.26,18.51,20.44
PFIZER,189,232,31.25,68.00,63.92,63.92,18.86,18.65
PFS,214,179,0.82,0.82,64.99,64.99,32.95,30.25
PGHH,301,214,67.25,47.57,70.64,70.64,13.31,13.12
PHOENIXLTD,26,80,0.89,2.89,45.48,47.31,4.19,4.48
PILANIINVS,100,125,61.09,72.06,57.55,57.55,41.84,41.66
PIONEEREMB,7.66,2.29,1.40,2.70,32.86,32.86,57.36,57.71
PKTEA,3.54,1.95,6.14,2.20,None,None,None,None
PLASTIBLEN,11.04,8.12,2.12,1.62,64.27,63.60,34.18,35.43
PNBHOUSING,None,None,13.84,15.59,32.58,32.57,38.37,40.90
PNCINFRA,222,207,5.28,5.11,56.07,56.07,4.03,5.06
POKARNA,3.16,1.40,0.04,0.43,56.66,56.66,35.56,30.63
POLYCAB,289,414,13.27,17.56,68.36,67.97,15.97,15.24
PONNIERODE,14,19,15.13,25.27,42.36,42.36,32.93,34.39
POWERINDIA,None,None,None,None,None,None,None,None
PPL,20,22,5.21,5.49,41.72,44.27,58.17,55.10
PRAKASH,99,103,2.41,2.46,40.98,43.29,57.07,54.84
PRAXIS,3.62,-9.68,0.90,0.33,66.66,55.66,27.07,40.28
PRECWIRE,30,31,0.86,0.84,59.67,59.67,40.17,39.57
PREMIERPOL,3.56,4.67,0.70,0.93,67.42,67.47,31.15,31.11
PRICOLLTD,45,55,1.08,3.49,36.53,36.53,52.96,48.14
PRITI,None,None,None,None,None,None,None,None
PROZONINTU,-0.53,-0.44,0.08,0.11,27.81,27.38,65.63,38.24
PSB,None,None,0.54,0.41,97.07,98.25,1.84,1.07
PTL,14.40,14.50,0.91,0.67,69.82,69.82,21.87,21.84
PURVA,42,5,0.08,-1.00,75.00,75.00,6.70,7.07
QUESS,2,40,-2.46,1.39,51.82,51.81,12.29,16.91
RADICO,111,90,5.18,3.88,40.27,40.27,21.00,18.01
RAIN,-0,-3,0.00,0.96,41.14,41.14,46.32,39.39
RAJESHEXPO,51,41,1.76,1.38,54.05,54.05,18.68,16.97
RAJSREESUG,1.40,6.42,-2.81,0.07,40.66,40.65,44.33,44.33
RAMANEWS,-9.13,0.38,-1.83,-0.60,74.76,74.76,23.61,23.61
RAMCOIND,36,17,2.14,1.94,54.03,53.97,39.28,39.58
RAMKY,-99,58,2.72,7.23,69.83,69.83,30.02,29.91
RANEHOLDIN,25,28,12.00,14.76,46.40,46.58,48.87,50.97
RATNAMANI,111,145,10.20,14.09,60.16,60.10,12.65,11.14
RBA,None,None,None,None,None,None,None,None
RCF,185,405,2.11,4.67,75.00,75.00,23.66,21.27
RECLTD,8910,9155,10.40,10.36,52.63,52.63,11.06,11.97
REGENCERAM,-0.50,-0.18,-0.59,-0.47,60.59,60.59,37.82,37.83
RELCAPITAL,153,-25,-10.02,-1.02,1.51,0.89,94.34,94.67
RELIANCE,12377,11987,14.56,10.22,50.61,50.56,10.60,10.78
REMSONSIND,3.83,5.51,1.84,3.55,75.00,75.00,25.00,25.01
REPL,None,None,None,None,None,None,None,None
RESPONIND,19.97,17.93,0.18,0.13,49.58,58.94,41.47,1.82
RHFL,-157,27,-5.87,-3.39,49.58,48.64,46.46,47.60
RICOAUTO,34,43,0.63,0.97,50.32,50.32,47.50,48.64
RITES,208,158,6.79,5.47,72.20,72.20,10.16,7.89
RKEC,4.75,17.39,0.61,4.16,None,None,None,None
RML,30,43,5.50,9.73,71.14,72.65,28.86,27.35
ROLEXRINGS,None,None,None,None,None,None,None,None
ROML,1.25,1.20,0.68,0.59,75.00,75.00,25.00,25.00
ROTO,10.04,10.50,4.65,4.18,69.97,68.86,29.18,26.80
RPGLIFE,26,30,9.52,12.07,72.07,72.62,27.90,27.27
RPPL,None,None,None,None,None,None,None,None
RSWM,104,72,8.99,2.92,53.16,53.15,44.27,44.81
RTNPOWER,153,122,0.04,0.02,44.19,44.06,41.70,48.28
RUCHINFRA,5.30,4.06,0.12,0.09,65.71,65.65,23.61,23.70
RUPA,71,29,6.92,2.10,73.28,73.28,21.73,21.89
RVNL,227,316,1.07,1.43,78.20,78.20,12.44,12.61
SADBHAV,35,29,0.25,-0.69,44.86,38.57,35.16,47.52
SAGARDEEP,0.58,0.41,0.02,0.14,None,None,None,None
SAKAR,7.09,8.59,1.44,1.04,None,None,None,None
SAKUMA,3.04,2.90,0.11,0.12,61.88,61.87,38.12,38.08
SALONA,11.05,11.74,13.47,10.36,None,None,None,None
SAMBHAAV,1.56,1.62,0.01,-0.01,62.93,62.93,36.74,36.83
SANDHAR,50,48,3.94,2.76,70.37,70.38,12.27,12.95
SANGHVIMOV,36,57,1.05,6.68,47.25,47.25,51.40,50.14
SANOFI,199,182,230.04,56.84,60.40,60.40,11.59,13.08
SAPPHIRE,None,None,None,None,None,None,None,None
SARLAPOLY,19,14,1.92,1.29,55.19,55.91,44.14,43.20
SATHAISPAT,6,-2,-13.28,-2.29,39.58,39.58,54.89,60.40
SBC,None,None,None,None,None,None,None,None
SBILIFE,272,426,2.47,3.76,55.69,55.46,7.77,4.56
SCAPDVR,None,None,None,None,35.20,23.10,64.32,76.42
SCHNEIDER,3.72,18.87,-0.37,0.37,75.00,75.00,21.30,21.88
SDBL,1.06,1.93,-0.28,0.28,24.48,32.72,75.42,65.69
SECURKLOUD,0.83,1.14,-0.33,-0.04,38.16,43.52,61.77,56.43
SEPC,-8,-81,-0.37,0.32,28.76,47.62,12.96,11.38
SEQUENT,-4.58,-9.58,0.17,-0.16,53.52,52.79,29.73,37.48
SESHAPAPER,40,140,3.97,16.11,42.65,42.78,31.89,30.69
SEYAIND,1.85,-2.88,-0.21,-1.79,64.50,64.50,27.04,33.54
SGIL,None,None,None,None,73.96,74.02,14.12,14.06
SHAILY,22.46,24.27,11.44,10.28,46.32,43.81,37.97,34.71
SHALPAINTS,-8,-5,-3.09,-1.49,53.10,39.93,43.40,58.38
SHANTI,None,None,None,None,None,None,None,None
SHARDAMOTR,61,76,15.37,18.19,73.20,73.20,26.41,26.24
SHILPAMED,64,-24,5.35,-1.98,53.25,50.01,31.57,33.78
SHIVAMILLS,7.88,-3.15,5.50,-3.83,74.94,74.93,25.06,24.63
SHOPERSTOP,71,167,-0.28,1.66,65.41,65.51,8.54,7.75
SHREEPUSHK,13.59,6.25,3.08,-0.24,67.03,68.42,30.40,29.05
SHRENIK,1.18,2.45,-0.09,0.03,None,None,None,None
SHRIPISTON,86,115,20.86,33.14,None,None,None,None
SHYAMCENT,15.54,7.39,0.56,0.29,54.49,51.88,45.51,47.90
SICAL,-1.05,5.97,-24.67,-1.16,23.54,15.97,76.15,83.73
SIGACHI,None,None,None,None,None,None,None,None
SILGO,None,None,None,None,None,None,None,None
SILVERTUC,None,None,None,None,None,None,None,None
SIMPLEXINF,24,3,-22.37,-23.87,49.83,49.82,40.92,40.92
SIS,33,45,1.05,1.36,72.81,71.48,10.26,9.00
SJS,None,None,None,None,None,None,None,None
SKIPPER,41.94,39.81,0.42,0.44,71.89,71.89,18.63,18.24
SMARTLINK,1.04,0.25,0.52,0.37,69.89,69.89,30.11,30.01
SMLT,None,None,None,None,69.83,69.83,30.17,29.46
SNOWMAN,17.98,23.08,0.03,0.16,40.25,40.25,57.99,57.28
SOFTTECH,None,None,None,None,None,None,None,None
SOMANYCERA,56,36,8.24,5.14,54.77,54.79,22.63,22.13
SONACOMS,None,None,None,None,None,None,None,None
SORILINFRA,1.13,1.52,0.25,0.28,64.71,64.71,25.29,24.82
SOUTHBANK,None,None,-0.89,1.07,None,None,76.37,80.54
SPANDANA,72,154,-9.14,6.98,62.29,63.03,20.74,15.43
SPECIALITY,10,20,0.60,2.36,52.53,52.53,46.08,45.24
SPENTEX,-14,-16,-1.18,-1.42,42.10,42.10,57.87,57.87
SPLPETRO,176,79,6.76,3.17,63.96,64.14,32.01,31.31
SPTL,0.22,-0.02,-0.05,-0.06,12.22,7.61,87.49,91.70
SRF,559,687,10.52,14.81,50.77,50.53,19.64,16.23
SRPL,3.31,2.78,0.77,0.48,None,None,None,None
STARCEMENT,37,51,0.56,0.58,66.89,67.42,26.47,26.03
STARPAPER,7,24,4.37,13.58,45.17,44.93,54.79,52.82
STEELCAS,18,28,4.85,8.68,46.07,46.07,52.53,53.84
STEL,5.78,3.15,2.34,1.27,58.21,61.18,41.42,38.61
STOVEKRAFT,None,None,None,None,None,None,None,None
SUBCAPCITY,-0.38,2.70,-1.24,5.45,None,None,None,None
SUDARSCHEM,47.50,36.22,2.53,0.30,35.73,35.82,45.11,45.84
SUMIT,0.49,1.05,-0.20,-0.01,None,None,None,None
SUNDARAM,3.07,3.53,0.03,0.04,31.05,31.05,67.02,67.01
SUNDRMBRAK,0.53,-1.83,-1.40,-9.25,65.54,65.54,34.46,34.47
SUNPHARMA,864,1663,3.37,5.06,54.48,54.48,11.72,9.80
SUNTECK,13,-6,0.32,-0.68,67.15,67.12,8.75,7.66
SUNTV,521,525,9.98,10.17,75.00,75.00,13.59,11.27
SUPERHOUSE,11.53,9.51,5.66,3.86,54.88,54.88,44.63,44.37
SUPERSPIN,1.88,-2.21,-0.48,-0.60,42.80,42.80,57.20,57.19
SUPREMEENG,None,None,None,None,None,None,None,None
SURANASOL,1.43,0.60,0.03,0.02,70.34,64.77,29.62,35.19
SURYAROSNI,101,129,8.15,12.50,62.96,62.96,30.66,33.93
SUULD,250.27,2.79,34.21,0.17,None,None,None,None
SUVENPHAR,122,107,4.53,3.10,None,None,None,None
SVPGLOB,5.14,4.48,0.11,0.02,67.58,67.58,32.33,32.42
SWELECTES,7.67,14.52,3.07,2.73,56.37,56.36,43.63,43.64
SYNGENE,177,216,1.66,2.53,70.42,64.86,9.82,11.11
TAKE,0.99,2.51,0.06,0.11,53.41,53.41,44.76,46.19
TANTIACONS,-2.74,-9.51,2.12,0.91,72.88,72.88,27.12,27.10
TARMAT,1.79,1.05,0.69,0.40,39.90,36.15,60.09,63.85
TASTYBITE,3.12,20.04,5.14,37.06,74.23,74.23,21.64,21.18
TATACOMM,532,450,8.83,8.26,58.86,58.86,10.06,10.22
TATAINVEST,74,89,13.21,17.04,73.38,73.38,24.06,24.83
TATAMTRDVR,None,None,None,None,7.67,7.67,43.99,44.71
TATASTLLP,242,-75,29.88,-73.92,74.91,74.91,19.50,20.12
TBZ,20.62,22.75,0.99,0.84,74.12,74.12,24.50,24.94
TCIEXP,45,51,8.84,9.81,66.70,66.66,21.05,21.04
TCPLPACK,36,56,11.74,44.56,55.74,55.74,37.81,40.10
TEAMLEASE,21,20,-30.95,15.14,32.51,31.51,11.79,10.11
TECHM,1526,948,16.08,11.94,35.70,35.21,11.67,12.81
TEJASNET,18.19,25.08,0.31,0.61,0.00,52.20,79.82,32.82
TEXINFRA,-1.60,0.34,0.06,0.20,64.89,64.99,34.12,33.93
TEXRAIL,38,42,0.18,0.42,56.55,58.35,31.74,32.24
TGBHOTELS,-5.43,-0.20,-5.38,0.05,31.71,31.71,68.29,68.30
THEMISMED,23,21,16.44,14.71,67.18,67.17,32.81,32.80
THOMASCOTT,0.11,1.15,0.21,1.43,68.03,61.05,31.97,38.94
TI,28,31,0.70,0.81,44.24,41.95,55.61,47.70
TIINDIA,193,251,6.30,7.38,46.49,46.45,12.61,12.74
TIMESGTY,-0.12,-0.22,-0.16,-0.22,74.92,74.92,25.03,25.03
TIMKEN,None,None,None,None,67.80,67.80,15.82,16.16
TIRUMALCHM,43,53,2.52,3.52,41.98,42.01,55.42,55.99
TNTELE,-0.43,-0.47,-0.56,-0.61,63.63,63.63,12.35,15.35
TORNTPOWER,860,1037,7.41,10.26,53.57,53.56,17.50,16.99
TOUCHWOOD,0.83,0.47,0.71,0.28,None,None,None,None
TREJHARA,0.92,3.33,0.41,2.34,30.00,29.99,69.33,69.00
TRIGYN,-1.98,-6.05,0.45,-2.30,44.51,44.51,55.24,55.48
TRITURBINE,35,38,5.14,0.99,67.78,55.94,4.39,5.67
TTKPRESTIG,136,119,7.12,6.18,70.41,70.41,6.54,6.86
TV18BRDCST,53,-5,0.18,-0.07,60.40,60.40,27.24,28.14
TVSSRICHAK,62,79,32.45,46.78,45.36,45.37,51.67,53.21
UBL,166,219,3.05,5.08,72.71,72.72,5.86,5.32
UDAICEMENT,31.56,24.08,0.33,0.07,72.54,72.54,27.19,27.24
UGARSUGAR,7,3,-0.52,-1.20,45.42,44.51,54.58,55.05
UJAAS,0.02,-0.07,-3.97,-0.26,0.01,0.01,99.99,99.99
ULTRACEMCO,2600,1716,45.04,24.82,59.96,59.96,8.91,8.50
UMESLTD,0.02,0.05,0.00,0.00,41.86,41.50,51.12,54.10
UNIENTER,-1,-1,6.79,5.65,73.78,73.78,10.83,10.83
UNITECH,-29,-5,-5.30,-0.85,5.13,5.14,93.59,93.61
UNIVASTU,2.23,4.05,0.42,1.78,None,None,None,None
UPL,496,716,1.91,4.48,27.96,28.96,18.95,18.28
USHAMART,57,68,1.38,1.48,49.79,48.30,41.56,42.04
UTTAMSTL,-18,-15,-6.18,-4.79,16.25,2.97,83.63,96.93
V2RETAIL,15,7,-1.50,-3.89,53.56,53.57,39.84,38.45
VAISHALI,2.22,2.59,1.33,1.89,None,None,None,None
VARDHACRLC,4.41,10.48,0.30,0.86,None,None,None,None
VASCONEQ,10,23,0.18,1.00,34.95,31.99,65.03,67.86
VBL,329,501,2.25,4.43,64.89,63.90,6.62,6.62
VENKEYS,47,-21,21.78,-14.59,56.11,56.11,43.06,42.89
VERANDA,None,None,None,None,None,None,None,None
VETO,6.33,7.22,5.12,2.77,55.74,55.74,41.98,44.25
VHL,41.65,1.43,101.52,11.94,74.90,74.90,21.11,24.11
VIJAYA,None,None,None,None,None,None,None,None
VIKASLIFE,-0.73,4.44,0.02,0.02,14.81,12.27,85.17,78.15
VIMTALABS,20,25,4.30,5.91,37.46,37.46,61.14,60.02
VINEETLAB,None,None,None,None,None,None,None,None
VIPIND,34,50,1.67,2.28,50.28,51.33,22.17,19.14
VISASTEEL,5,3,-1.10,-1.27,58.88,38.33,19.17,39.72
VISHNU,24,52,8.85,27.26,75.00,75.00,24.80,23.75
VIVIDHA,-0.11,0.11,-0.02,-0.01,5.63,5.63,94.33,94.30
VMART,21,54,-7.17,-5.72,46.44,46.10,9.75,10.87
VRLLOG,113,99,5.60,3.56,69.59,69.59,9.99,10.21
VSTIND,104,93,51.73,59.68,32.16,32.16,49.31,49.14
WABAG,45,39,3.13,5.47,21.70,19.12,57.46,63.20
WATERBASE,1.73,2.32,0.04,0.05,68.85,68.99,31.11,30.95
WEIZMANIND,0.66,3.31,-0.06,1.22,69.01,67.88,30.99,32.12
WELCORP,38,73,1.32,5.57,50.01,49.90,33.52,29.87
WELSPUNIND,261.20,60.41,1.26,0.08,70.36,70.36,16.05,17.35
WEWIN,None,None,None,None,None,None,None,None
WHIRLPOOL,129,72,6.19,3.20,75.00,75.00,11.05,9.45
WINDLAS,None,None,None,None,None,None,None,None
WIPRO,3068,3045,4.36,4.16,73.02,72.96,14.92,12.29
WONDERLA,-4,19,-1.64,1.86,69.76,69.74,19.32,20.28
XCHANGING,4.40,3.51,1.01,0.33,75.00,75.00,24.59,24.63
XPROINDIA,17,19,6.12,9.08,50.02,50.02,49.78,49.43
YUKEN,9.59,6.41,4.63,1.98,52.50,52.50,47.48,47.48
ZEEMEDIA,39.15,23.42,-1.87,0.01,8.52,4.34,83.04,87.23
ZENSARTECH,98,61,3.03,1.89,49.12,49.16,14.18,29.13
ZODIAC,None,None,None,None,None,None,None,None
ZOTA,4.93,5.23,1.32,1.68,None,None,None,None
ZYDUSLIFE,484,679,0.14,4.46,74.88,74.98,9.69,9.47
ADFFOODS,16,15,5.38,5.96,31.42,36.60,56.88,47.00
ADORWELD,13.03,15.14,10.77,7.34,56.90,56.90,36.30,37.99
ADROITINFO,0.77,0.82,0.19,0.29,52.17,52.17,47.83,47.82
ADSL,4.33,4.01,0.13,0.60,49.98,52.95,50.01,46.50
ADVENZYMES,18,19,1.15,1.22,52.55,49.88,22.52,22.86
AEGISCHEM,88,74,1.75,2.87,58.07,58.07,24.71,23.06
AFFLE,13,17,1.19,1.11,59.89,59.89,17.57,16.69
AGI,57,85,4.70,5.25,60.24,60.23,29.59,29.96
AGRITECH,-0.68,-0.19,0.13,0.27,45.47,31.10,54.47,68.85
AGROPHOS,1.34,3.08,0.40,0.66,None,None,None,None
AHLADA,None,None,None,None,None,None,None,None
AHLEAST,-1.80,0.97,-0.66,0.81,65.63,65.63,33.71,33.95
AIAENG,130,291,11.70,24.75,58.47,58.47,2.64,2.77
AIROLAM,None,None,None,None,None,None,None,None
AJANTPHARM,233,161,15.17,13.05,70.34,70.48,8.43,8.15
AJOONI,None,None,None,None,None,None,None,None
AKASH,1.54,0.70,0.25,0.12,None,None,None,None
AKG,None,None,None,None,None,None,None,None
AKSHAR,None,None,None,None,49.19,43.74,50.81,56.19
AKSHOPTFBR,12.00,7.61,0.19,0.02,27.95,27.95,71.80,71.96
ALANKIT,7,4,0.22,-1.21,54.86,54.86,44.30,45.12
ALBERTDAVD,13,14,22.20,35.29,61.35,61.99,34.97,34.43
ALICON,19,40,0.11,8.41,55.71,55.72,34.84,35.79
ALKALI,4.67,2.22,3.13,0.48,69.64,69.59,30.36,29.86
ALKYLAMINE,75,81,10.59,10.26,72.03,71.99,24.55,24.57
ALLCARGO,55,89,1.05,3.98,69.95,69.91,19.54,18.74
ALMONDZ,1.42,1.07,0.76,0.37,58.31,59.81,41.14,39.08
ALOKINDS,118,3,-0.15,-0.38,75.00,75.00,22.88,22.37
ALPHAGEO,-3.25,-4.53,-10.35,-5.39,46.09,46.09,52.59,51.75
ALPSINDUS,1,-1,-3.87,-3.59,27.06,27.06,72.93,72.94
AMBER,7,-4,-1.68,-7.02,40.27,40.31,21.91,19.36
AMBIKCO,68,43,79.48,49.05,50.17,50.17,48.69,45.92
AMBUJACEM,703,304,2.22,0.69,63.21,63.22,6.74,9.13
AMIORG,None,None,None,None,None,None,None,None
ANANDRATHI,None,None,None,None,None,None,None,None
ANDREWYU,12,22,0.58,0.52,89.25,89.25,8.52,8.52
ANSALAPI,-3.52,10.12,-0.33,0.47,48.77,48.77,47.40,48.42
ANURAS,None,None,None,None,None,None,None,None
APCL,22,1,1.82,-2.81,75.00,75.00,24.12,24.80
APLLTD,216,245,7.28,7.45,69.48,69.61,13.58,12.52
APOLSINHOT,4.29,4.92,9.65,12.23,None,None,None,None
ARCHIDPLY,5.47,6.19,1.34,1.51,69.89,69.89,30.11,30.12
ARIHANTSUP,15.60,6.02,3.15,1.46,74.31,74.71,25.36,23.19
ARSSINFRA,-18.99,-3.60,-6.83,1.51,46.70,46.70,53.30,53.30
ARVEE,1.70,3.26,0.66,1.86,None,None,None,None
ASAHISONG,11.88,9.16,5.71,2.83,66.64,66.73,33.12,32.95
ASHAPURMIN,-5.92,-7.38,0.12,-0.81,44.58,44.79,34.21,38.75
ASHOKLEY,135,537,-0.28,0.68,51.54,51.54,12.50,11.29
ASIANTILES,23.71,10.67,4.11,0.68,26.12,29.02,73.23,69.50
ASTRAMICRO,11,40,0.34,2.61,8.71,8.28,88.16,88.52
ATGL,231,226,1.44,1.27,74.80,74.80,2.67,1.94
AURIONPRO,10.30,8.01,2.12,3.94,33.00,33.00,66.66,64.90
AUTOIND,12,6,0.31,2.67,31.64,33.40,48.61,54.30
AVROIND,None,None,None,None,None,None,None,None
AXISCADES,1.07,13.34,-1.04,0.72,67.95,66.53,32.05,33.37
BAJAJ-AUTO,1401,1759,44.05,52.87,53.70,54.84,22.24,21.99
BAJAJFINSV,300,625,1.50,3.05,60.80,60.75,23.50,24.60
BALAJITELE,-4.04,2.07,-0.47,-0.04,34.34,34.34,47.34,47.36
BALKRISIND,520,445,19.51,20.89,58.30,58.30,13.73,9.84
BANARBEADS,1.68,1.17,2.18,1.54,57.80,57.80,42.20,42.19
BANDHANBNK,None,None,-18.68,1.30,39.99,39.99,23.90,13.25
BANSWRAS,30,50,3.43,10.26,58.79,57.82,33.83,30.80
BASML,47,-2,2.73,-2.39,55.55,55.33,44.17,44.34
BCP,0.10,0.42,-0.01,0.05,10.66,24.74,89.11,75.05
BEL,856,856,0.84,0.84,51.14,51.14,4.81,5.88
BERGEPAINT,304,318,1.97,1.96,74.99,74.99,9.88,10.71
BHAGCHEM,16,20,8.16,12.03,24.90,24.44,73.04,75.35
BHARATFORG,485,453,6.70,5.76,45.25,45.26,13.81,10.72
BHARATWIRE,13,31,0.17,2.39,37.60,36.81,52.45,55.58
BIGBLOC,4.18,7.21,0.39,0.69,71.09,72.27,28.91,27.28
BIOFILCHEM,0.37,0.16,0.13,0.03,46.82,46.82,53.10,53.09
BLBLIMITED,4.00,2.88,0.55,0.38,70.45,70.45,29.55,29.55
BLUESTARCO,55,70,2.20,3.13,38.76,38.79,27.83,26.36
BOROLTD,43,38,2.20,2.34,None,None,None,None
BRIGADE,129,129,3.57,3.96,43.96,43.82,17.99,17.46
BROOKS,1.19,-0.27,0.43,-0.33,66.41,66.41,33.59,33.58
BURNPUR,0,1,-2.14,-2.35,27.57,27.28,72.43,72.71
CAMLINFINE,3,42,-0.55,1.19,21.61,17.55,54.35,57.60
CANBK,None,None,7.35,13.92,62.93,62.93,15.62,11.72
CAPLIPOINT,71,57,8.61,7.59,69.03,68.88,28.02,27.85
CARERATING,35,45,10.10,12.98,None,None,60.98,56.99
CCCL,-4,-7,-0.55,-0.59,15.51,15.16,26.50,27.70
CELEBRITY,4.97,6.22,0.27,0.34,41.82,38.66,48.62,44.96
CENTRUM,7,-11,-0.05,-0.52,38.16,38.23,56.70,56.95
CEREBRAINT,13.68,4.11,0.83,0.10,7.10,5.05,75.47,94.17
CHEMCON,18.93,9.59,3.98,2.13,None,None,None,None
CHEVIOT,24,19,40.58,30.00,74.77,74.83,24.76,24.70
CHOLAHLDNG,28,28,1.14,1.18,48.62,48.61,14.07,12.62
CLEAN,None,None,None,None,None,None,None,None
CMSINFO,None,None,None,None,None,None,None,None
COFORGE,108,112,20.84,19.19,50.18,40.06,10.50,12.47
CONFIPET,55,50,1.04,0.78,57.96,60.07,35.47,36.58
CORALFINAC,5.26,3.03,1.12,0.76,75.00,75.00,24.63,24.58
COUNCODOS,0.27,0.37,0.03,0.03,53.86,53.86,46.14,46.14
CREDITACC,None,None,4.62,10.17,73.91,73.74,6.52,4.25
CSBBANK,None,None,6.83,6.95,49.72,49.72,30.06,31.75
CUMMINSIND,259,291,7.93,9.10,51.00,51.00,12.42,11.90
CYIENT,119,82,7.61,4.39,23.43,23.37,18.11,19.35
DALMIASUG,86,7,7.32,1.45,74.91,74.91,23.90,23.73
DBCORP,101,90,3.07,2.74,71.81,72.33,11.85,10.62
DCAL,26,1,-0.18,-1.10,59.32,59.32,30.13,30.22
DCMFINSERV,-0.26,-0.08,-0.02,0.03,39.50,39.50,54.23,54.23
DECCANCE,38.67,16.82,16.66,4.69,56.24,56.25,37.09,34.77
DEEPENR,0.02,1.68,0.00,0.56,63.99,67.99,30.15,30.31
DELTAMAGNT,0.47,-3.07,-1.23,-4.63,71.23,71.23,28.68,28.68
DEVIT,None,None,None,None,None,None,None,None
DHANBANK,None,None,0.14,0.63,None,None,88.50,88.31
DHUNINV,8,13,10.02,16.40,74.95,74.95,24.91,24.91
DIL,None,None,None,None,None,None,None,None
DLINKINDIA,16,30,3.37,6.24,51.02,51.02,48.95,48.73
DOLATALGO,44,38,1.92,2.35,74.49,74.49,25.48,25.44
DPWIRES,8.61,12.00,4.40,6.66,None,None,None,None
DTIL,11,30,22.85,31.34,68.90,68.90,29.04,29.07
DYNPRO,8.48,9.64,4.41,0.80,29.75,30.26,69.99,69.50
EASTSILK,0.71,-2.42,0.01,-0.35,51.28,51.28,46.80,46.80
EDUCOMP,-22,-25,-6.93,-20.44,44.78,44.77,54.39,54.76
EIHOTEL,-12,78,-0.81,0.43,35.74,35.74,47.07,46.22
ELECTCAST,115,149,1.26,1.08,55.29,44.08,30.50,38.47
EMAMILTD,264,183,4.10,3.26,53.86,54.27,8.14,7.58
EMKAY,8.78,6.71,1.04,1.52,74.51,74.49,25.01,24.75
ENDURANCE,212,232,8.70,9.33,75.00,75.00,1.64,1.88
EPL,50,48,2.53,1.99,51.91,51.91,18.58,19.99
EROSMEDIA,-29,-32,-0.88,-4.38,49.00,48.07,43.08,46.10
ESSENTIA,0.10,-0.17,0.00,0.05,63.55,20.81,31.89,76.55
EVERESTIND,9.80,6.36,6.80,2.08,50.72,50.52,47.12,41.77
EXIDEIND,413,412,2.76,2.90,45.99,45.99,22.58,25.71
FCL,13,14,0.93,1.08,64.82,65.00,28.43,30.64
FDC,72,51,4.36,3.09,69.35,69.49,21.48,19.75
FIBERWEB,5.33,2.42,1.08,0.57,46.33,46.33,53.48,53.49
FINOPB,None,None,None,None,None,None,None,None
FMGOETZE,34,46,2.52,4.78,74.98,74.98,23.33,23.32
FOODSIN,15,27,1.28,2.76,45.21,42.55,54.79,57.27
FSC,16,-11,-9.71,-6.84,23.09,21.95,76.85,77.99
GAIL,3475,1765,4.30,2.34,51.85,51.90,4.14,6.47
GANDHITUBE,14,19,8.41,12.64,72.99,73.52,26.84,26.26
GANGESSECU,5.60,10.13,5.54,7.51,64.02,66.64,33.22,33.36
GAYAHWS,0.94,-0.78,-0.15,-0.07,61.15,61.16,31.86,34.77
GENESYS,8.71,10.91,2.07,2.45,48.01,40.66,45.52,52.69
GEOJITFSL,59,42,1.66,1.06,62.11,56.22,36.33,41.70
GFSTEELS,-0.03,-0.09,-0.01,-0.03,70.12,70.12,29.86,29.85
GILLANDERS,24,29,8.85,10.91,69.08,69.08,27.93,30.07
GKWLIMITED,8.32,10.02,10.72,12.27,None,None,None,None
GLFL,-0.06,-0.04,0.00,0.01,45.67,45.67,54.32,54.32
GLS,None,None,None,None,None,None,None,None
GMMPFAUDLR,51,42,6.66,4.75,54.95,56.06,28.22,26.63
GOACARBON,9,58,6.73,38.67,59.72,59.72,40.27,40.27
GODHA,None,None,None,None,None,None,None,None
GOENKA,-0.23,-0.38,-0.01,-0.01,57.55,57.55,38.38,38.99
GOLDENTOBC,0.53,-0.41,-0.30,-0.88,30.04,30.04,69.86,69.77
GPIL,416,232,20.69,12.50,67.50,67.50,30.57,29.49
GRANULES,93,186,1.86,4.39,41.98,42.02,32.30,29.56
GREAVESCOT,4,33,0.36,0.98,55.63,55.54,31.20,32.86
GREENPOWER,-2.03,-2.65,-0.04,-0.09,48.73,34.53,45.17,60.33
GROBTEA,15,16,122.17,138.35,None,None,None,None
GSFC,324,394,5.68,7.26,37.84,37.84,34.87,32.61
GTPL,73,71,2.94,2.36,75.00,75.00,14.70,15.60
GUJRAFFIA,0.52,-0.27,0.74,0.37,39.27,39.55,60.73,60.46
HAL,1243,1610,25.37,36.16,75.15,75.15,17.16,4.53
HARIOMPIPE,None,None,None,None,None,None,None,None
HAVISHA,-0.11,0.21,-0.00,0.01,34.20,34.20,65.41,65.42
HCL-INSYS,-17,-10,0.10,-0.31,62.89,62.89,36.95,36.97
HDFCBANK,None,None,15.95,19.04,25.83,25.64,13.25,14.51
HEG,142,179,29.28,33.66,55.13,55.12,23.08,30.67
HERITGFOOD,65,39,7.37,4.55,39.43,39.22,41.04,43.06
HFCL,136,141,0.54,0.55,41.89,39.20,53.30,51.36
HIKAL,91,70,3.57,2.01,68.77,68.77,24.28,25.58
HINDCOMPOS,6.62,5.27,2.47,1.80,74.97,74.97,25.01,25.01
HINDPETRO,2800,-1498,13.56,-15.31,54.90,54.90,10.88,10.37
HINDZINC,3335,4408,4.77,6.35,64.92,64.92,1.93,1.78
HITECH,18.05,18.30,6.31,2.74,None,None,None,None
HMVL,3,-32,4.27,-4.80,74.40,74.40,21.47,22.09
HOVS,0.53,0.67,-3.97,0.58,50.44,50.41,49.56,49.59
HPL,32.78,35.25,1.12,0.91,72.66,72.66,26.08,26.03
HUHTAMAKI,30.90,22.95,-2.89,0.01,67.73,67.73,27.07,30.72
ICICIBANK,None,None,7.95,10.85,None,None,9.95,10.44
IDBI,None,None,0.53,0.77,94.71,94.72,4.48,5.08
IDFCFIRSTB,None,None,0.24,0.89,36.52,36.47,34.33,30.18
IFGLEXPOR,31,27,4.62,3.87,72.43,72.44,16.55,17.07
IIFLSEC,85,100,1.74,1.85,31.38,31.28,48.82,48.94
IMAGICAA,-9,2,-8.98,-0.54,31.08,72.79,65.84,15.76
INCREDIBLE,3.45,3.10,0.09,0.06,74.96,74.96,25.04,25.04
INDIAMART,84,65,27.84,24.24,49.52,49.22,17.16,20.33
INDIGOPNTS,None,None,None,None,None,None,None,None
INDOBORAX,10,14,2.41,3.55,55.42,53.78,44.58,46.12
INDOTECH,6.29,1.84,4.80,1.25,75.00,75.00,24.98,25.01
INDRAMEDCO,25,44,1.32,2.74,51.00,51.00,48.96,48.83
INDUSTOWER,3640,2812,5.79,3.24,69.85,68.99,0.68,1.57
INFY,6884,7943,12.99,14.86,13.12,15.16,37.41,15.93
INOXWIND,-29,-36,-2.28,-3.62,66.82,72.24,30.91,25.26
INTLCONV,1.38,9.30,0.04,1.19,63.44,66.33,24.18,33.52
IONEXCHANG,40,44,20.51,23.22,27.01,27.01,47.04,45.28
IPCALAB,359,272,10.16,6.61,46.29,46.29,9.80,9.34
IRCON,98,153,1.41,1.89,73.18,73.18,23.71,23.52
ISEC,544,523,10.90,9.28,74.91,74.86,11.29,11.47
ISFT,-0.26,-0.15,0.92,0.54,47.68,47.68,46.81,52.21
ITDCEM,63,80,0.87,1.15,46.64,46.64,27.75,32.20
IZMO,-0.01,0.40,-0.24,0.04,28.69,28.62,70.63,70.15
JAGSNPHARM,9,13,2.50,3.97,70.34,68.72,29.54,30.85
JAMNAAUTO,40,52,0.62,0.91,50.00,49.98,31.08,29.57
JAYSREETEA,41,42,9.59,9.63,50.38,50.43,43.66,43.87
JBMA,78,91,2.17,3.23,67.54,67.53,31.52,31.23
JINDALPHOT,-0.08,-0.08,-0.99,-1.09,72.72,72.76,27.24,27.22
JINDALSTEL,4519,1838,26.58,-4.64,60.47,61.20,13.91,11.42
JITFINFRA,0.10,0.06,0.02,0.01,63.02,63.02,31.95,32.60
JKLAKSHMI,163,139,6.50,5.01,46.01,46.31,15.35,16.18
JOCIL,4.77,3.93,2.74,2.65,None,None,None,None
JPPOWER,218,256,-0.00,0.11,26.02,24.00,44.36,50.44
JSWHL,133,335,89.46,225.83,61.42,66.28,11.34,11.29
JUBLPHARMA,-3,7,5.42,5.76,50.68,50.67,25.09,24.59
JYOTISTRUC,-12.87,-3.05,-33.79,-0.06,0.00,0.00,99.84,86.65
KAJARIACER,154,118,6.66,4.97,47.51,47.49,12.36,10.25
KALPATPOWR,152,125,2.48,4.16,54.55,51.54,9.25,6.55
KAMATHOTEL,5.48,14.55,-2.91,0.08,60.90,60.90,36.04,39.09
KANSAINER,165,197,1.83,2.18,74.99,74.99,8.27,8.28
KARURVYSYA,None,None,2.07,3.13,2.11,2.28,54.67,59.54
KBCGLOBAL,5.62,4.48,0.07,0.02,47.53,12.76,38.58,87.25
KDDL,10,-1,3.11,20.76,46.87,49.07,24.12,28.36
KEI,146,161,10.21,11.85,38.02,37.99,16.83,16.97
KERNEX,-1.74,-3.58,-2.22,-2.99,22.34,31.27,77.66,68.66
KHAITANLTD,0.47,0.40,-1.87,-1.47,60.24,60.25,39.71,39.72
KIMS,None,None,None,None,None,None,None,None
KIRLOSBROS,22,40,2.19,2.58,65.95,65.95,23.10,23.52
KMSUGAR,23.13,7.08,1.44,0.17,64.56,56.52,35.44,43.41
KOKUYOCMLN,10.24,14.66,0.47,0.38,74.99,74.99,24.95,24.82
KOTARISUG,5.12,2.32,0.77,0.32,None,None,None,None
KPITTECH,74,105,1.91,2.40,40.14,40.10,24.72,28.08
KRISHANA,9.38,15.27,1.57,3.30,None,None,None,None
KRSNAA,None,None,None,None,None,None,None,None
KTKBANK,None,None,4.04,13.22,None,None,85.26,76.49
LALPATHLAB,133,130,11.27,9.43,55.23,55.04,11.42,14.84
LATENTVIEW,None,None,None,None,None,None,None,None
LEMONTREE,11,34,-0.05,0.16,25.88,23.61,39.71,38.11
LGBFORGE,3.57,-1.54,0.07,-0.11,73.82,73.83,26.17,26.17
LIKHITHA,14,18,2.63,3.65,None,None,None,None
LOKESHMACH,7.13,8.37,0.89,1.34,51.70,53.05,46.19,44.17
LUXIND,137,66,33.49,14.29,74.39,74.19,14.94,12.58
MAANALU,7,19,3.47,9.69,65.32,66.04,34.53,33.72
MADRASFERT,14,50,-0.71,1.48,None,None,None,None
MAHASTEEL,3.51,2.98,0.48,0.77,70.41,73.41,29.58,26.58
MAHINDCIE,124,168,2.59,2.65,72.19,74.96,9.52,10.09
MAITHANALL,223,95,56.68,33.45,74.99,74.98,23.86,22.75
MANAKCOAT,8.84,7.54,0.41,0.14,67.43,67.43,32.57,32.56
MANAPPURAM,None,None,4.19,4.12,35.05,35.18,16.59,24.27
MANINDS,41.56,13.75,4.16,-1.08,42.62,45.68,55.49,52.28
MAPMYINDIA,None,None,None,None,None,None,None,None
MARKSANS,34,34,0.67,0.99,48.25,48.60,48.58,46.38
MASTEK,7,2,11.51,20.31,37.75,37.28,50.10,45.96
MAWANASUG,-2,-26,-4.38,-8.09,63.49,63.49,35.28,35.09
MAZDA,6.91,5.76,12.86,9.74,47.90,48.34,52.04,51.62
MBLINFRA,-10.12,-2.48,2.17,0.08,68.49,68.48,30.48,31.52
MEDICAMEQ,6.22,5.86,3.45,2.85,44.83,43.21,54.82,54.84
MELSTAR,-0.76,-0.21,-0.20,-0.15,47.06,47.06,52.24,52.94
MERCATOR,1.58,-3.08,0.15,0.00,7.11,4.45,89.66,95.53
MFSL,5.43,8.19,0.10,0.14,14.72,14.72,8.19,7.81
MHLXMIRU,3.82,4.40,0.94,1.65,72.40,66.68,27.54,33.20
MIRZAINT,48,63,2.23,2.65,67.79,67.95,30.52,24.69
MMP,10.04,7.15,2.30,1.03,None,None,None,None
MOKSH,2.79,2.14,0.39,0.25,None,None,None,None
MONTECARLO,53,51,16.36,14.62,73.17,73.17,25.08,23.25
MOTOGENFIN,-0.85,-0.26,-0.16,-0.03,68.75,69.04,28.59,28.30
MRPL,-21,-1995,-1.38,-10.21,88.58,88.58,8.33,9.51
MSUMI,None,None,None,None,None,None,None,None
MUKTAARTS,-0.92,-0.92,0.08,0.28,70.67,70.67,29.33,29.33
MUTHOOTFIN,2329,2072,24.77,21.60,73.37,73.35,4.20,4.96
NAGREEKEXP,7.62,-2.55,2.05,-4.51,52.87,52.87,47.11,47.13
NAM-INDIA,185,189,3.23,3.15,73.97,73.68,10.63,10.82
NAUKRI,106,184,648.82,13.03,38.40,38.11,10.11,13.03
NBCC,35,84,0.36,0.55,61.75,61.75,24.99,24.49
NDL,47.23,23.06,1.54,0.04,64.73,64.74,33.60,34.79
NECLIFE,27,-7,0.08,-1.00,55.80,55.80,42.68,28.20
NESTLEIND,948,1011,64.03,69.32,62.76,62.76,16.93,16.33
NFL,180,185,1.14,0.50,74.71,74.71,11.24,11.97
NIACL,96,19,0.77,0.20,85.44,85.44,1.41,2.02
NILAINFRA,1.62,0.64,0.01,0.02,61.90,61.90,32.43,34.35
NIPPOBATRY,7.57,3.35,9.92,2.43,65.35,65.35,34.49,34.65
NITIRAJ,None,None,None,None,None,None,None,None
NOIDATOLL,2.01,1.11,-0.45,-0.42,26.37,26.37,66.60,66.60
NRBBEARING,42,25,2.33,1.52,49.82,49.86,15.70,16.75
NUCLEUS,4,12,2.93,4.42,67.59,73.27,27.38,23.96
OAL,20.08,14.76,3.67,1.93,74.17,74.17,25.77,24.92
OBCL,None,None,None,None,66.61,68.56,33.39,31.44
OILCOUNTUB,-1,-4,-2.66,31.78,49.22,49.22,50.65,50.65
OMKARCHEM,-0.40,-0.95,-1.11,-1.41,27.62,14.71,72.38,85.22
ONMOBILE,2.59,-4.17,0.06,0.20,48.33,48.08,51.42,51.08
ORICONENT,4.35,10.89,0.91,0.20,66.28,66.52,26.42,31.87
ORIENTALTL,-0.66,-0.18,-0.47,-0.07,28.08,27.24,60.39,72.43
ORIENTLTD,0.18,-0.56,-2.06,-2.10,73.05,73.05,26.94,26.95
ORTINLAB,0.29,-0.22,0.06,0.10,15.68,15.68,84.32,84.32
PALREDTEC,-0.06,0.04,-0.45,0.33,37.78,34.80,55.01,58.55
PANAMAPET,67,73,8.12,8.67,72.13,70.37,24.50,26.89
PARAGMILK,55,41,2.52,1.49,40.75,36.19,38.92,46.48
PATINTLOG,1.31,2.87,0.00,0.19,40.75,39.54,59.25,60.46
PDMJEPAPER,15,26,0.99,1.91,71.21,71.05,28.38,28.49
PEL,519,-516,6.29,-2.12,43.51,43.48,12.58,16.10
PETRONET,1297,1173,5.49,4.96,50.00,50.00,13.22,11.11
PGEL,13,24,2.22,8.19,65.83,65.24,33.22,30.27
PGIL,9.37,16.36,3.53,2.58,66.58,66.58,25.52,26.79
PILITA,1.51,1.21,0.05,0.03,50.09,50.09,49.26,49.25
PITTIENG,35,37,4.10,3.17,59.28,59.29,40.60,37.77
PIXTRANS,30,21,13.70,10.34,61.76,61.80,38.16,37.78
PNC,0.09,-1.17,0.10,-0.84,54.84,54.84,44.22,44.23
PODDARMENT,5.03,9.99,4.09,7.06,62.43,62.43,36.36,36.30
POLYPLEX,43,38,60.01,12.22,50.97,50.97,35.06,31.21
POWERMECH,55,85,18.43,28.52,63.70,63.69,24.42,21.95
PRAENG,3.91,-0.85,0.18,-0.34,32.87,32.87,67.13,67.13
PRECAM,18,22,2.03,1.27,65.37,65.37,34.51,34.42
PREMEXPLN,6.92,7.21,2.39,2.33,41.33,41.33,54.71,55.03
PRESSMN,0.68,1.38,0.48,0.62,47.19,43.09,52.81,56.91
PRINCEPIPE,123,-11,6.92,-2.18,63.25,62.94,21.38,18.51
PRSMJOHNSN,161,52,0.90,-1.02,74.87,74.87,14.73,17.37
PRUDENT,None,None,None,None,None,None,None,None
PUNJABCHEM,31,32,14.59,15.21,39.22,39.22,56.23,56.94
PVR,-69,152,-24.38,-11.29,17.04,16.97,19.13,19.61
RADAAN,-0.78,-0.54,-0.26,-0.21,51.42,51.42,48.30,48.30
RAINBOW,None,None,None,None,None,None,None,None
RAJTV,0.89,0.01,-0.48,-0.04,71.42,71.42,28.58,28.57
RAMCOCEM,394,184,21.91,0.49,42.52,42.29,13.69,13.96
RANEENGINE,2.75,7.83,-4.60,-0.06,54.84,55.12,44.13,43.86
RAYMOND,102,247,3.19,16.88,49.12,49.15,39.48,30.77
RCOM,-28,-37,-4.96,-5.72,5.18,5.18,89.17,89.21
REDINGTON,174,230,7.41,8.39,None,None,45.52,45.56
REFEX,12,37,3.57,12.12,49.72,52.70,50.28,47.23
RELIGARE,-13.15,-6.99,-0.24,-0.15,0.00,0.00,79.83,74.77
RENUKA,40,60,0.74,-0.49,62.48,62.48,24.86,22.94
REVATHI,7.19,1.64,19.60,2.77,72.58,72.58,27.42,27.39
RHIM,65,100,2.66,4.44,66.49,70.19,20.82,18.93
RKDL,-2.31,0.13,-1.00,0.02,23.59,23.59,76.41,76.41
RMCL,-10.31,-0.59,-1.23,-0.07,21.23,24.95,76.69,73.63
ROLLT,-0.30,-0.01,-0.08,-0.01,50.96,50.96,49.02,49.02
ROSSELLIND,33,47,6.85,9.88,74.91,74.80,24.37,21.44
RPOWER,9,7,-0.17,-0.21,24.98,25.00,66.60,63.88
RSSOFTWARE,-2.17,-3.40,-0.56,-1.47,40.67,40.67,57.32,57.33
RTNINDIA,-0,-1,-0.00,0.68,74.80,74.86,16.28,15.69
RUCHIRA,14,31,2.47,6.67,64.07,67.88,35.35,31.29
SABEVENTS,-0.07,0.15,-0.32,-0.14,35.97,35.97,48.72,48.68
SAFARI,18,39,4.78,10.51,49.90,47.24,27.63,25.43
SAKHTISUG,-5.33,15.06,-5.11,0.41,59.83,59.84,28.12,39.31
SAKSOFT,6.96,7.34,0.66,0.71,68.54,68.15,22.64,22.71
SALZERELEC,18.41,24.48,4.67,5.60,32.38,32.34,60.79,61.63
SANGAMIND,73,79,6.86,6.73,61.45,70.29,37.32,29.23
SANGINITA,1.60,0.57,0.41,0.03,None,None,None,None
SARDAEN,191,193,49.11,52.79,72.50,72.64,24.23,22.55
SASTASUNDR,-0.27,-0.38,-0.03,-0.05,74.43,73.92,25.56,25.61
SBCL,18,26,2.23,3.26,60.61,60.61,39.36,39.17
SCHAEFFLER,264,319,10.93,13.78,74.13,74.13,5.33,5.95
SEAMECLTD,26,34,8.74,6.32,72.04,72.05,25.33,25.11
SELAN,1.98,10.33,1.41,5.80,30.09,39.54,65.04,56.66
SETCO,-7.91,-0.03,-5.66,0.07,59.25,59.25,40.67,40.67
SFL,90,63,7.31,5.33,72.95,72.95,1.18,1.37
SHAKTIPUMP,26.98,9.58,10.38,0.30,54.66,54.82,42.82,44.83
SHANTIGEAR,12,22,1.03,2.16,70.47,70.47,24.13,25.54
SHEMAROO,10.52,11.47,1.28,0.87,65.88,65.88,30.18,33.91
SHIVAMAUTO,7.95,12.08,-0.72,-0.75,74.80,74.80,25.18,25.17
SHRADHA,-0.25,-0.24,0.59,0.39,None,None,None,None
SHREECEM,898,523,160.11,52.55,62.55,62.56,13.81,13.97
SHREYAS,34,74,13.41,27.45,68.94,70.43,30.66,28.64
SHYAMMETL,None,None,None,None,None,None,None,None
SIGIND,14.82,14.52,0.60,0.64,72.56,72.57,27.44,27.43
SIL,-3.84,-4.31,1.20,0.16,20.15,20.31,74.90,36.69
SIMBHALS,-13,-30,-5.90,-9.74,53.33,53.33,46.66,46.66
SITINET,17,-4,-0.68,-0.75,6.10,6.10,81.75,86.58
SJVN,613,716,1.03,1.15,86.77,86.77,6.09,7.11
SMCGLOBAL,44,47,3.35,2.22,None,None,None,None
SMSLIFE,7.80,6.44,32.41,8.70,67.74,69.85,32.21,30.14
SOLARA,72.17,27.52,8.41,-2.75,41.07,40.41,35.60,38.16
SOMICONVEY,1.73,1.82,0.46,0.56,59.09,59.09,40.91,40.91
SONATSOFTW,41,48,6.23,2.21,28.17,28.17,41.11,43.69
SOUTHWEST,6.28,3.94,1.13,0.76,None,None,None,None
SPCENET,0.09,0.46,0.01,0.01,None,None,None,None
SPICEJET,-302,-566,-9.34,-13.92,59.46,59.39,38.34,39.37
SREEL,7.49,9.50,2.33,2.97,72.29,74.91,22.46,19.71
STARHEALTH,None,None,None,None,None,None,None,None
STCINDIA,-11.80,-11.95,-12.91,1.36,90.00,90.00,8.90,8.99
STEELXIND,-5.61,27.10,-0.18,0.01,49.78,49.79,41.01,42.61
STLTECH,217.00,100.00,2.29,-0.15,54.24,54.11,29.36,34.22
SUBROS,34.69,39.61,0.78,1.51,36.79,36.79,50.95,49.48
SUMMITSEC,21.58,11.39,14.66,7.34,74.65,74.64,23.82,24.39
SUNDARMHLD,12,24,0.50,1.00,None,None,None,None
SUNFLAG,117,162,3.63,5.26,51.16,51.16,48.46,48.47
SUPREMEINF,2,-3,-82.71,-86.94,34.68,34.69,55.06,55.30
SURYALAXMI,17.94,14.51,2.53,1.66,55.94,60.94,43.65,38.69
SUVEN,-10.30,-7.45,-0.58,-0.41,60.00,64.98,39.04,34.41
SWANENERGY,-0.12,4.35,-0.12,0.02,64.89,64.09,23.54,24.55
SWSOLAR,-69,-141,-2.62,-2.92,69.36,76.69,18.46,16.76
TAJGVK,14,31,0.59,5.12,74.99,74.99,22.73,20.08
TARAPUR,-0.07,0.16,-0.10,-0.01,44.63,44.63,55.37,55.38
TARSONS,None,None,None,None,None,None,None,None
TATACONSUM,269,336,2.04,2.49,34.71,34.72,26.04,24.78
TATAMETALI,100,41,17.30,4.53,60.03,60.03,27.58,28.86
TATASTEEL,13430,4844,7.24,2.17,34.41,33.92,24.83,26.23
TCI,99,92,8.84,7.41,66.54,69.03,18.70,15.82
TCNSBRANDS,30.22,46.14,1.80,1.24,32.30,32.25,43.72,45.92
TECHIN,-0.14,-0.06,-0.10,-0.04,34.31,18.42,65.65,81.55
TEMBO,None,None,None,None,None,None,None,None
TEXMOPIPES,9.23,5.03,1.69,0.03,44.24,44.24,55.36,54.74
THANGAMAYL,44,32,19.47,11.63,70.31,66.66,20.66,21.71
THOMASCOOK,-46,10,-0.30,0.30,65.60,72.34,19.97,16.62
TIIL,75,75,22.52,20.85,74.68,74.68,21.44,20.82
TIMETECHNO,73,69,1.25,1.06,51.33,51.33,24.29,31.62
TIPSINDLTD,18,27,8.64,16.02,74.98,74.98,24.16,24.96
TOKYOPLAST,1.36,1.49,0.24,0.42,64.97,63.11,35.03,36.86
TPLPLASTEH,6.84,7.39,0.47,0.49,75.00,74.86,24.92,25.06
TRENT,221,268,3.53,5.23,37.01,37.01,21.71,21.90
TRIVENI,106,46,2.77,63.23,68.43,68.25,23.48,21.28
TTML,115,122,-1.60,-1.50,74.36,74.36,24.83,23.40
TVSMOTOR,563,737,5.84,8.58,52.26,50.81,9.82,8.96
UCALFUEL,16.32,19.41,1.93,3.41,70.33,70.33,29.41,29.49
UFLEX,127,145,4.00,5.05,44.02,44.58,48.64,46.54
UJJIVAN,-0.98,-0.63,0.04,0.08,None,None,60.09,68.10
UMAEXPORTS,None,None,None,None,None,None,None,None
UNIDT,22.37,3.16,7.43,1.06,74.65,74.65,24.95,24.99
UNIONBANK,None,None,2.23,2.70,83.49,83.49,8.29,8.02
UNIVCABLES,16,46,0.77,5.80,61.89,61.89,36.17,35.96
UTIAMC,153,188,9.49,9.39,None,None,None,None
VADILALIND,7,32,1.14,29.69,64.72,64.72,35.27,35.15
VALIANTORG,37,31,7.92,6.29,39.01,38.41,57.11,59.07
VARROC,76,71,1.62,-88.58,75.00,75.00,7.34,8.11
VEDL,4741,1865,8.82,16.48,65.18,69.68,13.88,11.57
VERTOZ,1.45,1.50,0.40,0.69,None,None,None,None
VICEROY,-0.30,3.15,-0.36,0.39,13.41,13.41,86.56,86.56
VIJIFIN,0.09,0.57,0.01,0.04,52.23,51.07,47.77,48.91
VIKASPROP,-0.07,-0.06,-0.00,-0.00,22.06,22.06,77.94,77.94
VINDHYATEL,33,51,15.94,25.79,43.54,43.55,46.51,45.68
VIPCLOTHNG,5.75,2.60,0.26,0.19,53.15,49.58,46.58,49.99
VISESHINFO,-0.46,-0.35,-0.00,-0.00,22.48,1.95,77.52,98.03
VISHWARAJ,11.46,-1.02,0.01,-0.37,32.83,33.70,63.55,66.06
VOLTAMP,31,46,34.67,45.41,50.00,50.00,13.18,11.00
VSTTILLERS,38,32,37.21,26.32,54.77,55.58,25.11,24.03
WANBURY,7.10,5.60,-0.18,-0.27,39.90,39.85,60.09,60.16
WEBELSOLAR,7.15,-1.87,1.10,-1.06,25.37,26.76,66.91,68.77
WENDT,10.58,13.47,35.15,46.40,75.00,75.00,18.32,18.25
WHEELS,65,57,8.81,6.29,None,None,None,None
WINPRO,-0.26,-0.02,-0.03,-0.01,1.84,1.84,98.12,96.91
WOCKPHARMA,9,11,-4.44,-5.21,68.04,63.83,29.02,33.04
XELPMOC,-3.63,-3.25,-2.34,-2.17,54.41,54.12,32.08,40.29
ZEEL,447,250,3.40,1.84,3.99,3.99,22.70,25.93
ZENITHEXPO,0.33,-1.36,0.24,-1.96,51.75,51.75,48.25,48.25
ZFCVINDIA,63,108,17.00,36.19,75.00,75.00,8.09,7.96
ZUARI,-2,-16,-1.67,-8.65,65.04,65.28,31.66,32.22
ZYDUSWELL,-5,12,-0.32,2.32,64.82,65.36,6.75,7.62
